model_type,roc_auc,average_precision,f1_score,accuracy,precision,recall
random_forest,0.9990022637498531,0.7371542089178541,0.7058823529411764,0.9989546856217008,0.31421363624865717,0.8891038485455677
gradient_boosting,0.9748375005748801,0.6831543077273826,0.6027397260273972,0.998484294151466,0.26871476941228745,0.872475935441847
logistic,0.9673263734522952,0.35057302742437163,0.14643545279383433,0.9768462865206711,0.01237269044413823,0.9652420783114548
